2606694|||Ўины Amtel Planet 165/70 R13  (1420.0)
2606695|Ўины Continental ContiSportContact 225/50 R16 92W (7040.0), Ўины BFGoodrich Mud Terrain T/A 235/75 R15 Q (7280.0), Ўины BFGoodrich Mud Terrain T/A 37/12,5 R17 Q (11660.0), Ўины BFGoodrich Activan 205/65 R15 102/100T (4120.0), Ўины Bridgestone Blizzak DM-V1 205/70 R15 96 R (4020.0)||
2606696|Ўины Bridgestone Potenza RE050 A 205/50 R16 87V (5700.0), Ўины Bridgestone Ice Cruiser 7000 175/65 R14 T (3110.0), Ўины Bridgestone Ice Cruiser 7000 175/70 R13 T (2740.0), Ўины Yokohama Geolandar I/T-S G073 195/80 R15 96 Q (3520.0), Ўины BFGoodrich G-Force Winter GO 185/55 R15 82 T (3410.0)||Ўины Amtel NordMaster 175/70  82Q (1980.0)
2606697|Ўины Amtel NordMaster 185/65 R14 86 Q (2440.0), Ўины Cooper Discoverer M+S 235/75 R16 108 S (7180.0), Ўины Bridgestone Turanza T001 195/65 R15 91 V (3440.0), Ўины Bridgestone Turanza ER300 185/65 R15 88H (2840.0), Ўины Bridgestone Turanza T001 195/65 R15 91V (3440.0)||Ўины BFGoodrich G-Force Profiler 195/45 R15 78V (4670.0)
2606698|||Ўины Nokian Hakkapeliitta R SUV 225/55 R18 102 R (9700.0)
2606699|Ўины Amtel NordMaster 175/70  82Q (1980.0), Ўины Bridgestone Blizzak REVO GZ 175/70 R13 S (2540.0)||Ўины Nokian Hakkapeliitta R SUV 235/55 R18 104R (10990.0)
2606700|ƒиски Advanti F6505 6.5x15 4x100 (38 73.1) (2430.0), ƒиски LS Wheels 104 6x14 4x100 (40 73.1) (2150.0), ƒиски LS Wheels 145 7x16 5x114.3 (40 73.1) (3200.0), Ўины Continental Conti4x4Contact 205/70  96T (3610.0), ƒиски Advanti F6505 6.5x15 4x100 (38 73.1) (2430.0)||
2606701|||Ўины Continental ContiIceContact 215/65 R16 102 T (6730.0)
2606702|||Ўины Michelin X-Ice North 225/45 R17 91T (7510.0)
2606703|||
2606704|||
2606705|||Ўины Bridgestone Ice Cruiser 7000 255/65 R17 110T (7480.0)
2606706|||Ўины Gislaved Nord Frost 5 195/60 R15 88T (3600.0)
2606707|||Ўины Toyo Proxes S/T II 275/55 R20  (10860.0)
2606708|Ўины Continental ContiIceContact 225/55 R17 101 T (10340.0)||Ўины Bridgestone Ice Cruiser 7000 225/55 R17 101 T (8200.0)
2606709|||Ўины Pirelli Scorpion Ice&Snow 235/65 R17 108H (6940.0)
2606710|||
2606711|||
2606712|||Ўины Toyo Proxes CF1  215/60 R16 99 H (4250.0)
2606713|||Ўины Yokohama Ice Guard IG35 255/45 R19 104T (14280.0)
2606714|||Ўины Continental ContiIceContact 205/55 R16 94 T (5790.0)
2606715|||Ўины Barum Brillantis 2 185/65 R14 86T (2300.0)
2606716|||Ўины Gislaved Nord Frost 5 185/65 R15 88T (4670.0)
2606718|||Ўины Goodyear OptiGrip 205/60 R15 91H (3930.0)
2606717|||
2606719|||Ўины Yokohama Ice Guard IG35 195/55 R16 91T (4850.0)
2606720|||Ўины Tigar Syneris 205/55 R16 94V (3240.0)
2606721|||Ўины Amtel Planet FT-501 205/55 R16  (2500.0)
2606722|||Ўины Maxxis MA-S2 255/50 R19 107V (5930.0)
2606723|||
2606725|||Ўины Yokohama Ice Guard IG35 215/65 R16 102T (5450.0)
2606726|||Ўины Yokohama Geolandar A/T-S G012 265/70 R17 121R (8120.0)
2606724|||
2606727|||Ўины Maxxis AT-771 255/65 R16 109T (4790.0)
2606728|||Ўины Nokian Hakkapeliitta 7 195/65 R15 95T (5370.0)
2606729|||Ўины Nokian Hakkapeliitta 4 205/60 R15 91T (3380.0)
2606730|||Ўины Continental ContiCrossContact UHP 235/60 R16 100H (7050.0)
2606731|||
2606732|||Ўины Yokohama Geolandar A/T-S G012 275/65 R17 115H (7060.0)
2606733|||
2606734|Ўины Amtel NordMaster 175/70  82Q (1980.0), Ўины Nokian Hakkapeliitta R SUV 235/55 R18 104R (10990.0), Ўины Bridgestone Blizzak REVO2 195/65 R15 91Q (3450.0), Ўины Continental Conti4x4IceContact  245/75 R16 111 T (8040.0), Ўины Bridgestone Potenza RE002 Adrenalin 225/45 R18 95 W (8000.0)||Ўины Bridgestone Blizzak REVO GZ 175/70 R13 S (2540.0)
2606735|||
2606736|||
2606737|||Ўины Bridgestone Ice Cruiser 5000 205/60 R16 92T (5930.0)
2606738|||Ўины Yokohama Ice Guard IG35 195/65 R15 95T (3370.0)
2606739|||Ўины Bridgestone Ice Cruiser 7000 195/65 R15 91T (3400.0)
2606740|||Ўины Michelin Pilot Primacy 195/60 R15 88H (3940.0)
2606741|||Ўины Hankook Winter I*Pike RW11 265/60 R18 110T (7300.0)
2606742|||Ўины Continental ContiPremiumContact 2 185/65 R15 88H (3940.0)
2606743|||Ўины Continental ContiIceContact 185/65 R15 92 T (4620.0)
2606744|||Ўины Bridgestone Potenza RE002 Adrenalin 225/45 R17 91W (7690.0)
2606745|ƒиски Replica MAZDA MZ35 7x17 5x114,3 (50 67,1) MB (4740.0)||
2606747|||Ўины Nokian Hakkapeliitta 5 215/50 R17 95T (8810.0)
2606746|||
2606748|||
2606749|Ўины Amtel NordMaster CL 185/60 R14 T (2410.0), Ўины BFGoodrich Profiler 2 165/65 R14 79T (2410.0), ƒиски Replica AUDI 5560 7,5x16 5x112 (45 57,1) серебро (3240.0), Ўины Amtel NordMaster K-243 195/65 R15 Q (2520.0), Ўины Amtel Planet 165/70 R13  (1950.0)||Ўины Amtel NordMaster 175/70 R13 82Q (1980.0)
2606751|||Ўины Continental ContiWinterViking 2 225/45 R17 91T (8290.0)
2606750|||Ўины Dunlop SP Sport FastResponse 205/55 R16 91H (3880.0)
2606752|||Ўины Bridgestone Potenza RE002 Adrenalin 225/45 R17 91W (7690.0)
2606753|ƒиски Replica VW VW85 7x17 5x112 (43 57,1) silver (4660.0)|ƒиски Replica VW VW85 7x17 5x112 (43 57,1) silver (4660.0)|Ўины Continental ContiSportContact 3 225/45 R17 91W (6900.0)
2606754|||Ўины Yokohama Ice Guard IG30 165/55 R14 72 Q (3790.0)
2606755|||Ўины Continental ContiCrossContact AT 255/60 R18 112T (10990.0)
2606756|||Ўины Bridgestone Dueler H/T 840  275/65 R17 115T (7910.0)
2606757|||Ўины Toyo Proxes CF1  215/60 R16 99 H (4250.0)
2606758|||Ўины Yokohama Ice Guard IG35 215/60 R17 100T (6690.0)
2606759|||Ўины Michelin Energy Saver 205/65 R15 94H (3970.0)
2606760|||
2606761|||Ўины Cooper Weather-Master S/T2 215/55 R17 94 T (6510.0)
2606762|||Ўины Continental ContiEcoContact 5 195/65 R15 91V (3510.0)
2606763|||Ўины Pirelli Winter 210 Sottozero Serie II 225/45 R17 94H (6810.0)
2606764|||Ўины Continental ContiIceContact 215/70 R16 100T (6990.0)
2606765|||Ўины Yokohama AVS Sport V102 205/55 R16 93 W (4300.0)
2606766|||Ўины Tigar Hitris 205/55 R16 91H (3240.0)
2606767|Ўины Bridgestone Ice Cruiser 7000 255/65 R17 110T (7480.0)||Ўины Bridgestone Blizzak DM-V1 265/65 R17 112R (7960.0)
2606768|||
2606769|||
2606770|||Ўины Continental ContiSportContact 3 225/45 R18 95W (11440.0)
2606771|||
2606772|||Ўины Yokohama Ice Guard IG35 205/65 R15 99T (3530.0)
2606773|||
2606774|||Ўины Michelin Latitude X-Ice North 2 235/65 R18 110T (9540.0)
2606775|||Ўины Dunlop SP Sport LM703 205/55 R16 91V (3820.0)
2606776|Ўины Goodyear Wrangler DuraTrac 245/75 R16 120 Q (8090.0)||Ўины Michelin X-Ice North XIN2 185/65 R15 92T (4270.0)
2606777|||
2606778|||Ўины Nokian Hakkapeliitta SUV 7 255/55 R19 111T (12750.0)
2606779|||Ўины ћатадор ћ–-51 Sibir 2 205/60 R15 91T (2610.0)
2606781|||Ўины Bridgestone Turanza ER30 205/65 R15 94V (3380.0)
2606780|||Ўины Continental ContiIceContact 185/55 R15 86T (4610.0)
2606785|||Ўины Continental ContiWinterViking 2 245/50 R18 100T (8860.0)
2606790|||Ўины Goodyear UltraGrip Ice Navi Zea 205/55 R16 89Q (4130.0)
2606800|||Ўины Hankook Ventus ST RH06 275/60 R15 107V (3950.0)
2606815|||Ўины Nokian Hakkapeliitta SUV 7 225/60 R17 103T (10800.0)
2606817|||Ўины Goodyear UltraGrip Ice+ 215/65 R16 98T (5490.0)
2606822|||Ўины Maxxis MA-SUW 215/70 R16 100T (5390.0)
2606825|||
2606831|||
2606834|||Ўины Gislaved Nord Frost 5 185/70 R14 88T (3340.0)
2606837|||
2606842|||Ўины Cooper Discoverer M+S 265/70 R16 112S (7020.0)
2606844|||Ўины Bridgestone Blizzak REVO GZ 245/40 R18 93S (10210.0)
2606851|||Ўины Bridgestone Turanza ER30 205/65 R15 94V (3380.0)
2606854|||Ўины Bridgestone Blizzak DM-V1 205/70 R15 96R (3940.0)
2606860|||Ўины Maxxis AT-771 215/65 R16 98T (4250.0)
2606863|||
2606869|||
2606874|||Ўины Pirelli Scorpion Ice&Snow 235/65 R17 108H (6940.0)
2606877|||Ўины Dunlop SP Sport 2050M 205/60 R16 92H (4380.0)
2606881|||Ўины Pirelli Cinturato P7 205/60 R16 92H (4500.0)
2606886|||Ўины Michelin X-Ice North 205/60 R16 96T (5620.0)
2606889|||Ўины Continental ContiPremiumContact 2 205/55 R16 91 (4170.0)
2606894|||
2606897|||Ўины Pirelli Cinturato P7 205/60 R16 92H (4500.0)
2606901|||Ўины Pirelli Scorpion Zero 255/45 R20 105V (8080.0)
2606905|||
2606911|||
2606912|||Ўины Bridgestone Dueler A/T 694  225/75 R15 102S (4960.0)
2606916|||Ўины Hankook Ventus ST RH06 275/40 R20 106W (9650.0)
2606920|||Ўины Pirelli Cinturato P7 215/60 R16 99H (5960.0)
2606925|ƒиски Replica NISSAN NS8 6,5x16 5x114,3 (50 66,1) silver (2280.0)|ƒиски Replica NISSAN NS8 6,5x16 5x114,3 (50 66,1) silver (2280.0)|Ўины Yokohama Ice Guard F700Z 205/65 R16 95Q (4330.0)
2606935|||
2606942|||Ўины Bridgestone Potenza RE001 Adrenalin 235/50 R18 97W (7660.0)
2606947|||Ўины Goodyear UltraGrip Extreme 195/65 R15 91T (3780.0)
2606953|||
2606956|||Ўины Yokohama Geolandar A/T-S G012 245/65 R17 107H (6920.0)
2606961|Ўины Maxxis AT-771 225/65 R17 102T (4490.0)||
2606964|||
2606967|||
2606972|||
2606978|||
2606983|||
2606986|||
2606994|||
2606999|||
2607005|||
2607008|||
2607012|||
2607015|||
2607020|||
2607025|||
2607029|||
2607038|||
2607041|||
2607050|||
2607054|||
2607059|||
2607064|||
2607069|||
2607079|Ўины Pirelli Cinturato P6 195/60 R15 88H (3310.0), Ўины Maxxis AT-771 235/65 R17 104T (4910.0)||
2607083|||
2607086|||
2607089|||
2607096|||
2607101|||
2607107|||
2607111|Ўины Amtel Cargo 195/70 R15 97 T (2990.0), Ўины Continental ContiPremiumContact 205/55 R16 91 V (4510.0), Ўины Yokohama Parada Spec-X PA02 275/55 R20 117 V (10450.0), Ўины Dunlop GrandTrek SJ6 235/60 R17 102 Q (6980.0), Ўины Bridgestone Potenza S001 205/40 R17 84 Y (7330.0)||
2607118|||
2607122|||
2607126|||
2607133|||
2607137|||
2607145|||
2607150|||
2607154|||
2607159|||
2607163|||
2607168|||
2607176|||
2607196|||
2607205|Ўины Maxxis MA-Z4S Victra 215/50 R17 95 W (4340.0), Ўины Maxxis MA-Z1 Victra 215/55 R17 94W (4300.0)||
2607209|||
2607214|||
2607218|||
2607222|||
2607231|||
2607237|||
2607245|||
2607252|||
2607258|||
2607262|||
2607267|||
2607270|||
2607274|||
2607279|||
2607290|||
2607294|||
2607298|||
2607306|||
2607311|||
2607316|||
2607320|||
2607325|||
2607330|||
2607334|||
2607339|||
2607341|||
2607346|||
2607350|||
2607360|Ўины Dunlop SP Sport 01 205/55 R16 91V (3830.0)||
2607363|||
2607368|||
2607372|||
2607375|||
2607380|||
2607384|||
2607399|||
2607403|||
2607407|||
2607412|||
2607417|||
2607426|||
2607431|||
2607435|||
2607440|Ўины Pirelli PZero 295/35 R21 107 Y (15160.0), Ўины Pirelli PZero 295/35 R21 107Y (15160.0)||
2607445|||
2607448|||
2607455|||
2607457|||
2607460|||
2607462|||
2607469|||
2607472|||
2607477|Ўины Dunlop SP Sport LM703 215/60 R17 96H (4740.0)||
2607481|||
2606782|||Ўины Continental ContiPremiumContact 2 235/50 R18 W (12690.0)
2606786|Ўины Nokian Hakkapeliitta 7 235/55 R17 103 T (10420.0)||
2606789|||
2606793|||
2606801|||Ўины Continental ContiPremiumContact 2 215/60 R17 96H (7040.0)
2606805|||
2606809|||Ўины Bridgestone Turanza ER300 205/55 R16 94W (4340.0)
2606820|||Ўины Dunlop SP Sport LM703 215/60 R16 95H (4590.0)
2606826|||Ўины Yokohama C.Drive A539 195/45 R16 80V (4090.0)
2606829|||Ўины Dunlop GrandTrek ST20 225/65 R18 103H (9550.0)
2606838|||
2606845|||Ўины Bridgestone Turanza ER300 205/55 R16 94W (4340.0)
2606852|||Ўины Pirelli Cinturato P7 205/55 R16 91W (4180.0)
2606855|||Ўины Bridgestone Turanza ER300 205/55 R16 94W (4340.0)
2606858|||Ўины Dunlop Direzza DZ101 225/50 R16 92V (4300.0)
2606862|||Ўины Nokian Hakka Blue 205/55 R16 94V (4530.0)
2606871|||Ўины Continental ContiCrossContact UHP 295/40 R21 111W (19390.0)
2606875|||
2606882|Ўины Federal Super Steel 595 245/45 R17 95V (4710.0)||Ўины Federal Super Steel 595 225/45 R17 91W (5000.0)
2606887|||
2606891|||Ўины Yokohama AVS dB V550 195/65 R15 95V (3690.0)
2606896|||Ўины Pirelli Cinturato P7 205/60 R16 92H (4500.0)
2606900|Ўины Pirelli Cinturato P7 205/55 R16 91 H (3370.0)||Ўины Pirelli Cinturato P7 205/55 R16 91H (4000.0)
2606903|||Ўины Bridgestone Ecopia EP100A 205/55 R16 91V (4040.0)
2606909|||Ўины Federal Super Steel 595 195/50 R15 82W (3000.0)
2606913|||
2606919|||Ўины Federal Formoza FD1 215/55 R16 93V (3670.0)
2606923|||Ўины Maxxis MA-P1 205/55 R16 91V (3370.0)
2606926|||Ўины Federal Super Steel 595 RS-R 255/40 R17 94W (6280.0)
2606929|||Ўины Federal Super Steel 595 RS-R 255/35 R18 90W (6940.0)
2606932|||Ўины Yokohama Geolandar I/T G072 225/60 R18 100Q (6940.0)
2606936|||Ўины Federal 595 RPM 225/40 R18 92Y (5440.0)
2606938|||Ўины Continental Conti4x4Contact 225/70 R16 102H (6440.0)
2606940|||Ўины Federal Couragia S/U 225/60 R17 105H (4880.0)
2606943|||Ўины Maxxis AT-771 215/65 R16 98T (4250.0)
2606948|||Ўины Bridgestone Potenza S001 225/50 R16 92W (6890.0)
2606954|||Ўины Michelin Latitude Tour HP 255/60 R17 106V (9880.0)
2606957|||Ўины Continental ContiSportContact 2 205/55 R16 94V (5550.0)
2606962|||Ўины Federal Super Steel 595 225/45 R17 91W (5000.0)
2606966|||
2606973|||Ўины Michelin Pilot Primacy 225/55 R16 95H (6500.0)
2606976|||
2606980|||
2606987|||Ўины Michelin Pilot Primacy 245/50 R18 100W (12200.0)
2606991|||Ўины Michelin Agilis 215/65 R16C 109T (6890.0)
2606992|||
2606995|||Ўины Amtel Rapid River 245/70 R16C 107S (4360.0)
2607002|||Ўины Dunlop SP Sport FastResponse 195/65 R15 91H (3440.0)
2607006|ƒиски Replica MITSUBISHI MI32 6,5x16 5x114,3 (38 67,1) MB (3510.0)||
2607009|||Ўины Continental ContiPremiumContact 2 205/55 R16 91V (4390.0)
2607016|||
2607022|||Ўины Yokohama A348R 215/60 R16 95V (4880.0)
2607026|Ўины Nokian Hakkapeliitta 7 235/55 R17 103 T (10420.0)||
2607030|Ўины Yokohama C.drive AC01 215/55 R17 98 W (6120.0), Ўины Yokohama AC01 C.drive 215/55 R17 98W (6870.0), Ўины Nokian Hakkapeliitta 5 215/55 R17 98 T (8170.0), Ўины Michelin Latitude Tour HP 225/65 R17 102H (6940.0), Ўины Nokian Hakkapeliitta 5 215/55 R17 98T (8170.0)||
2607035|||
2607047|||
2607051|||
2607056|||
2607061|||
2607066|||
2607070|||
2607074|||
2607077|||
2607080|||
2607084|||
2607092|||
2607095|||
2607099|||
2607104|||
2607109|||
2607113|||
2607116|||
2607120|||
2607125|||
2607127|||
2607136|||
2607144|||
2607149|||
2607153|||
2607155|||
2607164|||
2607169|||
2607173|||
2607178|||
2607183|||
2607186|||
2607191|||
2607194|||
2607200|||
2607207|||
2607212|||
2607217|||
2607224|Ўины Nokian Hakkapeliitta 7 235/55 R17 103 T (10420.0)||
2607227|||
2607229|||
2607233|||
2607239|||
2607243|||
2607250|||
2607254|||
2607259|||
2607264|||
2607272|||
2607276|||
2607282|||
2607286|||
2607289|Ўины Yokohama Ice Guard IG30 225/50 R17 94 Q (6800.0)||
2607295|||
2607310|||
2607313|||
2607319|||
2607324|||
2607329|||
2607333|||
2607336|||
2607345|||
2607351|||
2607355|||
2607358|||
2607361|||
2607364|||
2607370|Ўины Continental ContiSportContact 3 265/40 R20 104 Y (17120.0), Ўины Bridgestone Potenza RE001 Adrenalin 235/45 R17 94W (6780.0), Ўины Pirelli Scorpion Zero 285/55 R18 113V (9450.0)||
2607379|||
2607383|||
2607386|||
2607390|||
2607393|||
2607397|||
2607402|||
2607409|||
2607414|||
2607418|||
2607421|||
2607425|||
2607430|||
2607432|||
2606783|||Ўины Nokian Hakka Blue 195/65 R15 95V (3560.0)
2606788|||Ўины Pirelli Cinturato P7 205/55 R16 91 H (3430.0)
2606791|||
2606795|||Ўины Pirelli Cinturato P7 215/55 R16 93V (5910.0)
2606799|||Ўины Yokohama Advan Sport V103S 225/55 R16 95W (6290.0)
2606803|||
2606806|||Ўины Dunlop SP Sport 2050M 205/60 R16 92H (4300.0)
2606812|||
2606816|||Ўины Toyo Proxes CF1  205/55 R16 94H (3960.0)
2606819|||Ўины Dunlop SP Sport 2050M 205/60 R16 92H (4300.0)
2606824|Ўины Continental ContiPremiumContact 2 215/55 R17 94 V (7950.0)||Ўины Continental ContiPremiumContact 2 215/55 R17 94V (8830.0)
2606828|||Ўины Dunlop GrandTrek AT3 235/60 R16 100H (5740.0)
2606832|||Ўины Continental ContiSportContact 3 225/50 R17 94V (8540.0)
2606835|||Ўины Yokohama AC02B 215/60 R16 99V (4500.0)
2606840|||Ўины Continental ContiEcoContact 3 155/80 R13 79T (2220.0)
2606846|||Ўины Yokohama Advan Sport V103 215/45 R18 89Y (8630.0)
2606849|||Ўины Cooper Lifeliner Touring GLS 215/65 R16 98T (4200.0)
2606856|||Ўины Dunlop SP Sport MAXX 195/50 R15 82W (3410.0)
2606861|||
2606864|||Ўины Yokohama A.Drive AA01 205/55 R16 91H (3630.0)
2606867|||
2606872|||Ўины Continental ContiPremiumContact 2 195/60 R15 88H (3790.0)
2606876|||Ўины Continental ContiPremiumContact 2 205/60 R16 92H (5000.0)
2606879|||Ўины Yokohama A.Drive AA01 205/55 R16 91H (3630.0)
2606883|Ўины Continental ContiSportContact 3 265/40 R20 104 Y (17120.0), Ўины Pirelli Scorpion Zero 285/55 R18 113 V (9440.0), Ўины Pirelli Scorpion Zero 285/55 R18 113V (9450.0)||Ўины Bridgestone Potenza RE001 Adrenalin 235/45 R17 94W (6780.0)
2606888|||Ўины Yokohama C.Drive 2 AC02 185/60 R15 88H (3150.0)
2606890|||Ўины Yokohama A.Drive AA01 205/55 R16 91H (3630.0)
2606895|||
2606899|||Ўины Pirelli Cinturato P1 185/55 R15 82H (3590.0)
2606904|||
2606908|||
2606915|Ўины Nokian Hakkapeliitta SUV 5 245/70 R16 T (10650.0), Ўины Gislaved Nord Frost 5 195/55 R15 89 T (3570.0)||Ўины Continental ContiIceContact 225/60 R17 99 T (10220.0)
2606945|||Ўины Nokian Nordman SX 185/65 R15 88H (2680.0)
2606950|||Ўины Yokohama Geolandar M/T G001C 235/85 R16 108Q (7040.0)
2606955|||Ўины Maxxis AT-771 245/75 R16 108S (5240.0)
2606959|||
2606965|||Ўины Yokohama Geolandar H/T G095A 225/55 R17 97V (8270.0)
2606969|||Ўины Bridgestone Turanza GR80 235/40 R18 91W (4910.0)
2606974|||Ўины Yokohama Geolandar M/T G001C 35/12,5 R15 113Q (8990.0)
2606977|||Ўины Nokian Hakka Green 205/65 R15 99H (3520.0)
2606982|||Ўины Goodyear UltraGrip 500 245/65 R17 107T (9050.0)
2606990|||Ўины Bridgestone Potenza RE001 Adrenalin 215/55 R16 W (5880.0)
2606997|||Ўины Cordiant Sno-Max 215/55 R16  (4700.0)
2607001|||
2607010|||Ўины BFGoodrich Touring 155/70 R13 T (2090.0)
2607013|||Ўины Bridgestone Ice Cruiser 5000 215/45 R17 T (5760.0)
2607018|||
2607023|||Ўины Continental ContiPremiumContact 2 205/55 R17 V (8600.0)
2607028|||Ўины Pirelli Winter Carving Edge 185/65 R15 88 T (3120.0)
2607033|||Ўины Pirelli Scorpion Zero 275/45 R20 H 110 (15670.0)
2607037|||
2607040|||Ўины Yokohama A.Drive AA01 195/65 R15 T 91 (2980.0)
2607044|||Ўины Yokohama C.Drive 2 AC02 205/65 R15 H 99 (3510.0)
2607049|||Ўины Yokohama Geolandar H/T G095A 225/55 R17 97 V (8230.0)
2607053|||
2607058|||
2607062|||
2607067|||
2607072|||
2607075|||
2607078|||
2607085|||
2607091|Ўины Nokian Hakkapeliitta 7 235/55 R17 103 T (10420.0)||
2607094|||
2607100|||
2607106|||
2607110|||
2607115|||
2607123|||
2607128|||
2607130|||
2607134|||
2607140|||
2607143|||
2607148|||
2607156|||
2607160|||
2607165|||
2607172|||
2607179|Ўины Maxxis MA-Z4S Victra 215/50 R17 95 W (4340.0), Ўины Maxxis MA-Z1 Victra 215/55 R17 94W (4300.0)||
2607182|||
2607188|Ўины Amtel Cargo 195/70 R15 97 T (2990.0), Ўины Continental ContiPremiumContact 205/55 R16 91 V (4510.0), Ўины Dunlop GrandTrek SJ6 235/60 R17 102 Q (6980.0), Ўины Bridgestone Ice Cruiser 7000 235/65 R18 110 T (7820.0), Ўины Bridgestone Potenza S001 205/40 R17 84 Y (7330.0)||
2607192|||
2607195|||
2607199|||
2607203|||
2607208|||
2607213|||
2607219|||
2607225|||
2607228|||
2607235|||
2607238|||
2607242|||
2607246|||
2607249|||
2607260|||
2607263|||
2607268|||
2607273|||
2607278|||
2607281|||
2607285|||
2607291|||
2607301|||
2607302|||
2607305|||
2607309|||
2607317|||
2607322|||
2607326||ƒиски —кад —ити 6x15 5x112 (47 57,1) селена (2830.0)|
2607331|||
2607340|||
2607342|||
2607347|||
2607354|||
2607366|||
2607371|||
2607374|||
2607378|||
2607381|||
2607388|||
2607395|||
2607400|||
2607404|||
2607408|||
2607413|||
2607416|||
2607422|||
2607428|||
2607433|Ўины Maxxis MA-Z1 Victra 235/45 R17 94 W (4620.0)||
2607437|||
2607441|||
2607446|||
2607452|||
2607459|||
2606784|||Ўины Nokian Hakkapeliitta SUV 5 265/70 R17 115T (11360.0)
2606792|||Ўины Nokian Nordman 4 185/65 R14 90T (2940.0)
2606796|||Ўины Yokohama Ice Guard IG35 195/60 R15 92T (3470.0)
2606798|Ўины Nokian Hakkapeliitta 4 235/60 R16 100T (6460.0)||Ўины Yokohama Geolandar I/T G072 285/75 R16 116Q (9280.0)
2606804|||Ўины Lassa Snoways Era 205/55 R16 91H (4070.0)
2606807|||Ўины Nokian Hakka SUV 215/60 R17 103H (7550.0)
2606811|||Ўины Yokohama Advan ST V802 285/45 R19 107W (12320.0)
2606814|||Ўины Continental ContiPremiumContact 205/55 R16 91H (4020.0)
2606821|||Ўины Nokian Hakkapeliitta 4 235/60 R16 100T (6460.0)
2606827|||Ўины Gislaved Nord Frost Van 185/75 R16C 104/102R (5590.0)
2606830|||Ўины Maxxis MT-762 31/10,5 R15 109Q (5650.0)
2606833|||
2606839|||Ўины Pirelli Scorpion Zero 255/55 R18 H 109 (8720.0)
2606843|||Ўины Continental ContiSportContact 3 265/40 R20 104 Y (17120.0)
2606847|||Ўины Yokohama Ice Guard F700Z 185/65 R15 88 Q (2900.0)
2606850|||Ўины Bridgestone Blizzak REVO GZ 195/65 R15 91 S (3440.0)
2606853|||Ўины Bridgestone Dueler A/T 697 215/65 R16 106 S (5800.0)
2606857|||Ўины Continental ContiIceContact 205/60 R16 96 T (6550.0)
2606868|||Ўины Bridgestone Dueler A/T 697 245/70 R16 107 S (6110.0)
2606873|||Ўины Federal Couragia S/U 275/40 R20 106 W (7560.0)
2606880|||
2606884|||Ўины Maxxis AT-771 255/65 R17 110 H (5940.0)
2606892|||Ўины Continental ContiPremiumContact 205/55 R16 91 H (4400.0)
2606898|||
2606902|||
2606907|||
2606910|||
2606918|||
2606922|Ўины Bridgestone Blizzak REVO GZ 195/65 R15 91S (3420.0), Ўины Bridgestone Blizzak REVO2 195/65 R15 91Q (3450.0), Ўины Continental Conti4x4IceContact  245/75 R16 111 T (8040.0), Ўины Bridgestone Potenza RE002 Adrenalin 225/45 R18 95 W (8000.0), Ўины Bridgestone Blizzak DM-V1 205/80 R16 104 R (6260.0)||
2606924|||
2606928|||
2606930|||
2606933|||
2606939|||
2606944|||
2606949|||
2606952|||
2606963|||
2606971|||
2606979|||
2606984|||
2606989|||
2606993|Ўины Bridgestone Blizzak REVO GZ 175/70 R13 S (2540.0), Ўины Continental ContiPremiumContact 2 175/65 R14 T (2700.0), Ўины Bridgestone Ice Cruiser 7000 175/65 R14 T (3110.0), Ўины Bridgestone Ice Cruiser 7000 175/70 R13 T (2740.0), Ўины Nokian Hakkapeliitta R 185/65 R14 90R (3710.0)||
2606996|||
2607000|||
2607004|||
2607011|||
2607017|||
2607021|||
2607024|||
2607032|||
2607034|||
2607039|||
2607043|Ўины Yokohama C.Drive 2 AC02 205/55 R16 94V (3590.0)||
2607046|||
2607052|||
2607057|||
2607063|||
2607068|||
2607076|||
2607082|||
2607087|||
2607090|||
2607098|||
2607103|||
2607114|||
2607119|||
2607124|||
2607132|||
2607138|||
2607142|||
2607147|||
2607151|||
2607157|||
2607161|||
2607166|||
2607170|||
2607175|||
2607181|||
2607185|||
2607189|Ўины Continental ContiPremiumContact 2 215/55 R17 94V (8830.0)||
2607197|||
2607202|||
2607206|||
2607211|Ўины Dunlop GrandTrek SJ6 265/70 R15 110 Q (6450.0), Ўины Yokohama Geolandar A/T-S G012 265/70 R15 112 T (6540.0)||
2607216|||
2607220|||
2607223|||
2607226|||
2607230|||
2607234|||
2607241|||
2607247|||
2607251|||
2607255|||
2607257|||
2607265|||
2607269|||
2607277|||
2607283|||
2607287|||
2607293|||
2607297|||
2607300|||
2607303|||
2607307|||
2607312|||
2607315|||
2607321|||
2607327|||
2607332|||
2607338|||
2607344|||
2607349|||
2607353|||
2607356|||
2607359|||
2607365|||
2607373|||
2607376|||
2607387|||
2607391|||
2607394|||
2607398|||
2607406|||
2607411|||
2607420|||
2607424|||
2607429|||
2607434|||
2607438|||
2607442|||
2607447|||
2607451|||
2607456|||
2607463|||
2606787|||Ўины Pirelli PZero Rosso 225/40 R18 92Y (8910.0)
2606794|||Ўины Dunlop SP Sport 2050 225/45 R18 91W (10090.0)
2606797|||Ўины Bridgestone Potenza RE002 Adrenalin 205/55 R16 91W (4690.0)
2606802|||Ўины Bridgestone Blizzak DM-V1 255/65 R17 108R (8160.0)
2606808|||Ўины Nokian Hakkapeliitta R SUV 225/55 R18 102 R (9700.0)
2606810|||Ўины Goodyear Eagle F1 GS-D3 225/55 R17 97V (6600.0)
2606813|||Ўины Barum Bravuris 2 215/65 R15 96H (4000.0)
2606818|||Ўины Maxxis MA-SPW 205/50 R17 93T (4440.0)
2606823|Ўины Amtel NordMaster CL 185/60 R14 T (2410.0), Ўины BFGoodrich Profiler 2 165/65 R14 79T (2410.0), ƒиски Replica AUDI 5560 7,5x16 5x112 (45 57,1) серебро (3240.0), Ўины Amtel NordMaster K-243 195/65 R15 Q (2520.0), Ўины Amtel NordMaster 175/70 R13 82Q (1980.0)||Ўины Amtel Planet 165/70 R13  (1950.0)
2606836|||
2606841|||Ўины Pirelli Cinturato P7 225/45 R17 94W (7010.0)
2606848|||Ўины Bridgestone Ice Cruiser 7000 245/65 R17 111 T (7430.0)
2606859|||Ўины Pirelli Scorpion Zero 235/60 R18 103V (10110.0)
2606865|||Ўины Bridgestone Turanza ER300 205/55 R16 94W (4340.0)
2606866|||Ўины Yokohama AVS Sport V102 205/55 R16 93 W (4300.0)
2606870|||Ўины Toyo Open Country H/T 225/65 R17 102H (6120.0)
2606878|Ўины Goodyear EfficientGrip 195/65 R15 91H (3290.0), Ўины Bridgestone Blizzak REVO2 195/65 R15 91Q (3450.0), Ўины Continental Conti4x4IceContact  245/75 R16 111 T (8040.0), Ўины Bridgestone Potenza RE002 Adrenalin 225/45 R18 95 W (8000.0), Ўины Bridgestone Blizzak DM-V1 205/80 R16 104 R (6260.0)||Ўины Bridgestone Blizzak REVO GZ 195/65 R15 91S (3420.0)
2606885|||Ўины Yokohama AVS Winter V901 225/70 R16 107H (5810.0)
2606893|||Ўины Continental ContiEcoContact 3 165/70 R13 79T (2460.0)
2606906|||
2606914|||Ўины Hankook Ventus ST RH06 285/60 R18 116V (7770.0)
2606917|||Ўины Goodyear OptiGrip 205/55 R16 91H (4190.0)
2606921|||Ўины Continental ContiCrossContact AT 255/60 R18 112T (10990.0)
2606927|||Ўины Toyo Proxes S/T II 285/50 R20 116V (11940.0)
2606931|||Ўины Yokohama A.Drive AA01 145/65 R15 72T (3410.0)
2606934|||
2606937|||Ўины Pirelli Scorpion STR 235/55 R17 99H (8480.0)
2606941|||Ўины Yokohama Advan Neova AD08 245/40 R18 93 W (11890.0)
2606946|||
2606951|||Ўины Michelin X-Ice North XIN2 185/65 R15 92T (4270.0)
2606958|||
2606960|||
2606968|||
2606970|||Ўины Bridgestone Ice Cruiser 7000 185/65 R15 88T (3830.0)
2606975|||
2606981|||
2606985|ƒиски Replica MAZDA MZ17 6,5x16 5x114,3 (52,5 54,1) хром (4200.0)|ƒиски Replica MAZDA MZ17 6,5x16 5x114,3 (52,5 54,1) хром (4200.0)|
2606988|||
2606998|||
2607003|||
2607007|||
2607014|||
2607019|||
2607027|Ўины Bridgestone Blizzak REVO GZ 195/65 R15 91S (3420.0), Ўины Bridgestone Blizzak REVO2 195/65 R15 91Q (3450.0), Ўины Continental Conti4x4IceContact  245/75 R16 111 T (8040.0), Ўины Bridgestone Potenza RE002 Adrenalin 225/45 R18 95 W (8000.0), Ўины Bridgestone Blizzak DM-V1 205/80 R16 104 R (6260.0)||
2607031|||
2607036|||
2607042|||
2607045|Ўины Continental ContiPremiumContact 2 215/55 R18 99 V (9543.0)||
2607048|||
2607055|||
2607060|Ўины Dunlop SP Sport 01 265/45 R21 104 W (14128.0)||
2607065|||
2607071|||
2607073|||
2607081|||
2607088|||
2607093|||
2607097|||
2607102|||
2607105|||
2607108|||
2607112|||
2607117|||
2607121|Ўины Gislaved Nord Frost 5 195/55 R15 89 T (3620.0)||
2607129|||
2607131|||
2607135|||
2607139|ƒиски K&K ћохито 6,5x16 5x114,3 (40 66,1) нео-классик (2520.0)|ƒиски K&K ћохито 6,5x16 5x114,3 (40 66,1) нео-классик (2520.0)|
2607141|||
2607146|||
2607152|||
2607158|||
2607162|||
2607167|||
2607171|||
2607174|||
2607177|||
2607180|||
2607184|||
2607187|||
2607190|||
2607193|||
2607198|||
2607201|Ўины Bridgestone Blizzak REVO2 195/65 R15 91Q (3450.0), Ўины Amtel NordMaster 185/65 R14 86 Q (2440.0), Ўины Cooper Discoverer M+S 235/75 R16 108 S (7180.0), Ўины Bridgestone Potenza RE002 Adrenalin 225/45 R18 95 W (8000.0), Ўины Bridgestone Blizzak DM-V1 205/80 R16 104 R (6260.0)||
2607204|||
2607210|||
2607215|||
2607221|Ўины Bridgestone Ice Cruiser 7000 235/60 R16 100T шип (5550.0)||
2607232|||
2607236|||
2607240|||
2607244|||
2607248|||
2607253|||
2607256|||
2607261|||
2607266|||
2607271|||
2607275|||
2607280|||
2607284|||
2607288|||
2607292|||
2607296|||
2607299|||
2607304|||
2607308|||
2607314|||
2607318|||
2607323|||
2607328|||
2607335|||
2607337|||
2607343|||
2607348|||
2607352|||
2607357|||
2607362|||
2607367|||
2607369|||
2607377|||
2607382|||
2607385|||
2607389|||
2607392|||
2607396|||
2607401|||
2607405|||
2607410|||
2607415|||
2607419|||
2607423|||
2607427|||
2607439|||
2607443|||
2607450|||
2607436|||
2607444|||
2607449|||
2607454|||
2607471|Ўины Maxxis MA-Z1 Victra 235/45 R17 94 W (4620.0)||
2607476|||
2607482|||
2607487|||
2607491|||
2607495|||
2607501|||
2607506|||
2607510|||
2607515|||
2607523|||
2607526|||
2607531|||
2607535|||
2607539|||
2607543|||
2607547|||
2607550|||
2607556|||
2607560|Ўины Nokian Hakkapeliitta SUV 7 265/45 R21 108 T (15810.0)||
2607565|||
2607572|||
2607578|||
2607585|||
2607589|||
2607596|||
2607601|Ўины Pirelli Cinturato P7 205/55 R16 91H (4000.0)||
2607605|||
2607608|Ўины Pirelli Cinturato P1 185/65 R14 86T (2500.0)||
2607612|||
2607617|||
2607621|||
2607629|||
2607633|||
2607637|||
2607641|||
2607644|Ўины Continental ContiCrossContact UHP 225/55 R18 98V (8450.0)||
2607651|||
2607655|||
2607660|||
2607668|||
2607670|||
2607674|||
2607678|Ўины Pirelli Cinturato P6 195/60 R15 88H (3310.0), Ўины Maxxis AT-771 235/65 R17 104T (4910.0)||
2607683|||
2607688|||
2607692|||
2607697|||
2607701|||
2607706|||
2607710|||
2607718|||
2607724|||
2607729|||
2607732|||
2607736|||
2607741|||
2607746|||
2607749|||
2607754|Ўины Dunlop SP Winter Ice 01 205/55 R16  T (3310.0)||
2607758|||
2607762|Ўины Dunlop SP Winter Ice 01 205/55 R16  T (3310.0)||
2607765|||
2607768|||
2607773|||
2607778|||
2607783|Ўины Bridgestone Blizzak REVO GZ 205/65 R15  S (3320.0)||
2607787|||
2607795|||
2607799|||
2607803|||
2607808|||
2607814|||
2607819|||
2607824|||
2607829|||
2607835|||
2607840|||
2607843|Ўины Continental ContiIceContact 225/60 R17 99 T (10220.0), Ўины Nokian Hakkapeliitta SUV 5 245/70 R16 T (10650.0), Ўины Gislaved Nord Frost 5 195/55 R15 89 T (3620.0)||
2607853|||
2607857|||
2607861|||
2607869|||
2607873|||
2607876|||
2607881|||
2607883|||
2607887|||
2607893|||
2607899|||
2607905|||
2607914|Ўины Bridgestone Blizzak DM-V1 235/55 R18 100R (6090.0)||
2607917|||
2607920|||
2607925|||
2607930|||
2607940|Ўины Cordiant Polar 2 PW-502 185/70 R14  T (2200.0)||
2607945|||
2607952|||
2607957|||
2607962|||
2607965|||
2607970|||
2607974|Ўины Cordiant Polar 2 PW-502 185/70 R14  T (2200.0)||
2607978|||
2607982|||
2607990|||
2607994|||
2607999|||
2608007|Ўины Pirelli Formula Ice 205/55 R16 91 T (3470.0)||
2608014|||
2608018|||
2608022|||
2608025|||
2608034|||
2608038|||
2608041|||
2608045|||
2608049|||
2608053|||
2608057|Ўины Pirelli Formula Ice 205/55 R16 91 T (3470.0), Ўины Yokohama Ice Guard IG35 205/55 R16 94 T (3700.0)||
2608061|Ўины Pirelli Formula Ice 205/55 R16 91 T (3470.0), Ўины Yokohama Ice Guard IG35 205/55 R16 94 T (3700.0)||
2608065|Ўины Cordiant Polar 2 PW-502 185/70 R14  T (2200.0)||
2608068|||
2608073|||
2608077|||
2608081|||
2608086|||
2608091|||
2607453|||
2607458|||
2607465|||
2607468|||
2607473|||
2607478|||
2607483|||
2607488|||
2607490|||
2607498|||
2607503|||
2607505|||
2607507|Ўины Pirelli Cinturato P7 205/50 R17 93V (5670.0)||
2607511|||
2607516|||
2607520|||
2607525|||
2607528|||
2607537|||
2607544|||
2607552|||
2607555|||
2607562|||
2607567|||
2607570|||
2607574|||
2607576|||
2607581|||
2607587|||
2607591|||
2607594|Ўины Bridgestone Ice Cruiser 7000 215/65 R16 98 T (3920.0)||
2607599|||
2607603|||
2607610|||
2607614|||
2607619|||
2607623|||
2607628|||
2607632|||
2607639|||
2607646|||
2607650|||
2607654|||
2607658|||
2607664|||
2607677|||
2607680|Ўины Gislaved Nord Frost 100 205/60 R16 96T шип (4360.0)||
2607685|||
2607693|||
2607698|||
2607702|||
2607708|||
2607711|Ўины Maxxis AT-771 225/70 R16 102/99S (4890.0)||
2607715|||
2607719|Ўины Bridgestone Ice Cruiser 7000 215/65 R16 98 T (3920.0), Ўины Bridgestone Ice Cruiser 7000 235/60 R16 100T шип (5550.0)||
2607727|||
2607733|||
2607738|||
2607742|Ўины Gislaved Nord Frost 100 205/60 R16 96T шип (4360.0)||
2607747|||
2607751|||
2607755|||
2607763|||
2607771|||
2607776|||
2607785|||
2607790|||
2607793|Ўины Gislaved Nord Frost 100 205/60 R16 96T шип (4360.0)||
2607797|||
2607805|Ўины Gislaved Nord Frost 100 205/60 R16 96T шип (4360.0)||
2607810|||
2607812|||
2607817|Ўины Gislaved Nord Frost 100 205/60 R16 96T шип (4360.0)||
2607820|||
2607825|||
2607833|||
2607838|Ўины Bridgestone Blizzak REVO GZ 235/40 R18 91S (8630.0)||
2607845|||
2607848|||
2607852|||
2607858|||
2607863|||
2607865|||
2607870|||
2607875|||
2607880|||
2607885|||
2607890|Ўины Yokohama Ice Guard IG50 175/60 R16 82Q (4160.0)||
2607894|||
2607898|||
2607903|||
2607907|||
2607911|||
2607916|||
2607924|||
2607927|||
2607932|||
2607938|||
2607943|||
2607947|||
2607951|Ўины Nokian Hakkapeliitta SUV 7 265/45 R21 108 T (15810.0)||
2607956|||
2607966|||
2607972|||
2607976|||
2607980|||
2607985|||
2607989|||
2607995|||
2608000|||
2608004|||
2608008|||
2608011|||
2608020|||
2608024|||
2608029|||
2608031|||
2608036|||
2608040|||
2608043|||
2608048|||
2608054|||
2608058|||
2608063|||
2608066|||
2608071|||
2608074|||
2608078|||
2608085|||
2608090|||
2608095|||
2607461|||
2607464|||
2607470|||
2607474|||
2607479|||
2607484|||
2607489|||
2607493|||
2607502|||
2607509|||
2607514|||
2607519|||
2607524|||
2607530|||
2607534|||
2607538|||
2607541|||
2607545|||
2607549|||
2607553|||
2607561|||
2607563|||
2607568|||
2607573|||
2607580|||
2607583|||
2607592|||
2607595|||
2607598|||
2607604|||
2607607|||
2607613|||
2607618|||
2607624|||
2607626|||
2607634|||
2607638|||
2607642|||
2607647|||
2607652|||
2607657|||
2607662|||
2607666|||
2607671|||
2607675|||
2607679|||
2607684|||
2607689|||
2607695|||
2607699|||
2607705|||
2607709|||
2607714|||
2607717|||
2607722|||
2607726|||
2607731|||
2607739|||
2607743|||
2607752|||
2607759|Ўины Bridgestone Blizzak DM-V1 215/60 R17 96 R (5670.0), Ўины Yokohama Ice Guard IG35 185/65 R14 90 T (2478.0), Ўины Continental ContiCrossContact UHP 255/55 R18 109 V (8890.0)||
2607764|||
2607769|||
2607774|||
2607781|Ўины Yokohama Ice Guard IG35 205/55 R16 94 T (3700.0)||
2607786|||
2607792|||
2607800|||
2607804|||
2607809|||
2607813|Ўины Bridgestone Blizzak REVO GZ 215/45 R17  S (7160.0)||
2607818|||
2607822|||
2607826|||
2607830|||
2607834|||
2607839|||
2607847|||
2607849|||
2607854|||
2607859|||
2607864|||
2607868|||
2607872|||
2607878|||
2607884|||
2607888|||
2607892|||
2607897|||
2607902|Ўины Nokian Hakkapeliitta 5 195/60 R15 92T шип (2750.0)||
2607906|||
2607910|||
2607915|||
2607921|||
2607926|||
2607931|||
2607934|||
2607937|||
2607942|||
2607946|||
2607950|||
2607955|||
2607960|||
2607968|||
2607969|||
2607973|||
2607977|||
2607981|Ўины Nokian Hakkapeliitta 5 195/60 R15 92T шип (2750.0)||
2607986|||
2607991|||
2607996|||
2608001|||
2608006|||
2608010|Ўины Continental ContiIceContact 225/60 R17 99 T (10220.0), Ўины Nokian Hakkapeliitta SUV 5 245/70 R16 T (10650.0)||
2608012|||
2608016|||
2608026|||
2608030|||
2608035|||
2608039|||
2608042|||
2608046|||
2608051|||
2608056|||
2608060|||
2608064|||
2608070|||
2608079|Ўины Maxxis AT-771 225/65 R17 102T (4490.0)||
2608082|||
2608087|||
2608092|Ўины Nokian Hakkapeliitta 5 195/60 R15 92T шип (2750.0)||
2608094|||
2607466|||
2607467|||
2607475|||
2607480|||
2607486|||
2607494|||
2607497|||
2607500|||
2607508|||
2607512|||
2607517|||
2607521|||
2607529|||
2607533|||
2607540|||
2607548|||
2607554|||
2607559|||
2607564|||
2607569|||
2607577|||
2607582|||
2607586|||
2607590|||
2607593|||
2607597|||
2607602|||
2607611|||
2607615|||
2607620|||
2607627|||
2607631|||
2607636|||
2607643|||
2607649|Ўины Pirelli Winter 240 SottoZero Serie II 245/45 R18 100V (8800.0)||
2607653|||
2607656|||
2607661|||
2607665|||
2607669|||
2607673|||
2607682|||
2607687|||
2607691|||
2607696|||
2607700|||
2607704|||
2607713|||
2607716|||
2607720|||
2607725|||
2607728|||
2607734|||
2607740|||
2607744|||
2607748|Ўины Gislaved Nord Frost 100 205/60 R16 96T шип (4360.0)||
2607753|||
2607756|||
2607761|||
2607766|||
2607772|||
2607777|||
2607780|Ўины Gislaved Nord Frost 100 205/60 R16 96T шип (4360.0)||
2607784|||
2607788|||
2607791|||
2607796|||
2607801|||
2607807|||
2607815|||
2607823|||
2607828|||
2607832|||
2607837|||
2607842|||
2607846|||
2607850|||
2607856|||
2607860|||
2607866|||
2607871|||
2607877|||
2607886|||
2607889|||
2607895|||
2607900|||
2607904|||
2607909|||
2607913|||
2607919|||
2607922|||
2607929|||
2607933|||
2607936|||
2607941|||
2607949|||
2607954|||
2607959|||
2607963|||
2607967|||
2607975|||
2607979|||
2607983|||
2607988|||
2607992|||
2607997|||
2608002|||
2608005|||
2608009|||
2608013|||
2608017|||
2608021|||
2608027|||
2608032|||
2608037|||
2608044|||
2608050|||
2608055|||
2608059|||
2608067|||
2608072|||
2608075|||
2608080|||
2608084|||
2608089|||
2608093|||
2608096|||
2607485|Ўины Dunlop SP Sport LM703 215/60 R17 96H (4740.0)||
2607492|Ўины Bridgestone Blizzak REVO GZ 195/65 R15 91S (3420.0), Ўины Bridgestone Blizzak REVO2 195/65 R15 91Q (3450.0), Ўины Continental Conti4x4IceContact  245/75 R16 111 T (8040.0), Ўины Bridgestone Potenza RE002 Adrenalin 225/45 R18 95 W (8000.0), Ўины Bridgestone Blizzak DM-V1 205/80 R16 104 R (6260.0)||
2607496|||
2607499|||
2607504|||
2607513|||
2607518|Ўины Yokohama C.Drive 2 AC02 205/55 R16 94V (3590.0)||
2607522|||
2607527|||
2607532|Ўины Dunlop SP Sport 01 205/55 R16 91V (3830.0)||
2607536|||
2607542|||
2607546|||
2607551|||
2607557|||
2607558|||
2607566|||
2607571|||
2607575|||
2607579|||
2607584|||
2607588|||
2607600|||
2607606|||
2607609|||
2607616|||
2607622|||
2607625|||
2607630|||
2607635|||
2607640|||
2607645|||
2607648|||
2607659|||
2607663|||
2607667|Ўины Bridgestone Ice Cruiser 7000 235/60 R16 100 T (5550.0)||
2607672|||
2607676|||
2607681|||
2607686|||
2607690|||
2607694|||
2607703|||
2607707|||
2607712|||
2607721|||
2607723|||
2607730|||
2607735|Ўины Cordiant Polar 2 PW-502 185/70 R14  T (2200.0)||
2607737|||
2607745|||
2607750|||
2607757|||
2607760|||
2607767|||
2607770|||
2607775|||
2607779|||
2607782|||
2607789|||
2607794|||
2607798|||
2607802|||
2607806|||
2607811|||
2607816|||
2607821|||
2607827|||
2607831|||
2607836|||
2607841|||
2607844|||
2607851|||
2607855|||
2607862|||
2607867|||
2607874|Ўины Yokohama Advan Sport V103S 225/55 R16 95W (6290.0), Ўины Dunlop SP Winter Ice 01 215/60 R16 95 T (5730.0), Ўины Dunlop Graspic DS3 185/60 R14 82 Q (3220.0)||
2607879|||
2607882|||
2607891|||
2607896|||
2607901|||
2607908|||
2607912|||
2607918|||
2607923|||
2607928|Ўины Cordiant Polar 2 PW-502 185/70 R14  T (2200.0)||
2607935|||
2607939|||
2607944|||
2607948|||
2607953|||
2607958|||
2607961|||
2607964|Ўины Nokian Hakkapeliitta 5 205/50 R17 93T шип (6600.0)||
2607971|||
2607984|ƒиски Trebl 53A43C 5,5x14 4x100 (43 60,1) S (1100.0)|ƒиски Trebl 53A43C 5,5x14 4x100 (43 60,1) S (1100.0)|
2607987|||
2607993|||
2607998|||
2608003|||
2608015|||
2608019|||
2608023|||
2608028|||
2608033|||
2608047|||
2608052|||
2608062|||
2608069|||
2608076|||
2608083|||
2608088|||
2608097|||
2608100|||
2608101|||
2608102|||
2608103|||
2608104|||
2608105|||
2608106|Ўины Maxxis AT-771 225/65 R17 102T (4490.0)||
2608107|||
2608108|||
2608109|||
2608110|||
2608111|||
2608112|||
2608113|Ўины Goodyear EfficientGrip 195/65 R15 91H (3290.0), Ўины Bridgestone Blizzak REVO GZ 195/65 R15 91S (3420.0), Ўины Bridgestone Blizzak REVO2 195/65 R15 91Q (3450.0), Ўины Bridgestone Potenza RE002 Adrenalin 225/45 R18 95 W (8000.0), Ўины Bridgestone Blizzak DM-V1 205/80 R16 104 R (6260.0)||
2608114|||
2608115|||
2608116|||
2608117|||
2608118|||
2608119|||
2608120|||
2608121|||
2608122|||
2608123|||
2608124|||
2608126|||
2608125|||
2608127|||
2608128|||
2608129|||
2608130|||
2608131|||
2608132|||
2608133|||
2608134|||
2608135|||
2608136|||
2608137|||
2608138|||
2608139|||
2608140|||
2608141|||
2608142|||
2608143|||
2608144|||
2608145|||
2608146|||
2608147|||
2608148|||
2608149|||
2608150|||
2608151|Ўины Gislaved Nord Frost 100 195/60 R15 92 T (3180.0)||
2608152|||
2608153|||
2608154|||
2608155|||
2608156|||
2608157|||
2608158|||
2608159|||
2608160|||
2608161|||
2608162|||
2608163|||
2608164|||
2608165|||
2608166|||
2608167|||
2608168|||
2608169|||
2608170|||
2608171|||
2608172|||
2608173|||
2608174|||
2608175|||
2608176|||
2608177|||
2608178|||
2608179|||
2608180|||
2608182|||
2608181|||
2608183|||
2608184|||
2608186|||
2608185|Ўины Bridgestone Blizzak REVO GZ 235/40 R18 91 S (8890.0)||
2608187|||
2608188|||
2608189|ƒиски K&K ћохито 6,5x16 5x114,3 (40 66,1) нео-классик (2520.0)|ƒиски K&K ћохито 6,5x16 5x114,3 (40 66,1) нео-классик (2520.0)|
2608190|||
2608191|||
2608192|||
2608193|||
2608194|||
2608195|||
2608196|||
2608197|||
2608198|||
2608199|||
2608200|||
2608201|||
2608202|||
2608204|||
2608203|||
2608205|||
2608206|||
2608207|||
2608208|||
2608209|||
2608210|||
2608211|||
2608212|||
2608213|||
2608214|||
2608215|||
2608216|||
2608217|||
2608218|||
2608219|||
2608220|||
2608221|||
2608222|||
2608223|||
2608224|||
2608225|||
2608226|||
2608227|||
2608228|||
2608229|||
2608230|||
2608231|||
2608232|||
2608233|||
2608234|||
2608235|||
2608236|||
2608237|||
2608238|||
2608239|||
2608240|||
2608241|||
2608242|||
2608243|||
2608244|||
2608245|||
2608246|||
2608247|||
2608248|||
2608249|ƒиски MW EURODISK 16003 S 6,5*16/5*114,3 d66,1 ET50 (1990.0)|ƒиски MW EURODISK 16003 S 6,5*16/5*114,3 d66,1 ET50 (1990.0)|
2608250|||
2608251|||
2608252|||
2608253|||
2608254|||
2608255|||
2608256|||
2608257|||
2608258|||
2608260|||
2608263|||
2608265|||
2608267|Ўины Dunlop SP Sport 270 215/55 R17 94 V (6990.0)||
2608269|Ўины Maxxis AT-771 225/65 R17 102 T (4470.0)||
2608270|||
2608273|||
2608275|||
2608277|||
2608282|||
2608284|||
2608286|||
2608287|||
2608288|||
2608259|||
2608261|||
2608262|||
2608264|Ўины Dunlop SP Sport 01 225/60 R18 100H (7460.0)||
2608266|||
2608268|||
2608271|||
2608272|||
2608274|||
2608276|||
2608278|||
2608279|Ўины Bridgestone Ice Cruiser 7000 225/55 R17 101 T (8200.0)||
2608280|||
2608281|||
2608283|||
2608285|||
2608289|||
